"item_inner href","image src","status_value","brand-name","name","num","desc","icon src","tag_text","ico-brand-official href","tag_text 2","tag_text 3","discount_rate"
"https://kream.co.kr/products/342453?size=","https://kream-phinf.pstatic.net/MjAyNDA5MDJfMTI3/MDAxNzI1MjQwMDYzNTcy.fCbI6rgo4ckzk_1TnzhkgJkgyzKCNp-44xSe7ISbhmYg.FwKzHSYgnasCOHRdcW_LpNoA_sGEmCk9C-V6G3hJc4Eg.PNG/a_667ef82765e148ee860f391529e3737e.png?type=m","거래 177","Adidas","Adidas Waffle Beckenbauer Track Top Wonder White - KR Sizing","178,000원","즉시 구매가","","","","","",""
"https://kream.co.kr/products/331123?size=","https://kream-phinf.pstatic.net/MjAyNDA4MjlfMTc3/MDAxNzI0ODk2NzQzOTI1.UNzTpZ-pcDipiFWnYX1kgQYh5M_HoDoQur2Hez8oCW0g.sm6mH2utBIVrvmuo94YIcOcISMszkUYKtJTWPkGYpvQg.PNG/a_0b8ddbe58b8e47e390d309a15053beac.png?type=m","거래 13","Jordan","Jordan 11 Retro Low Diffused Blue","222,000원","즉시 구매가","https://kream-phinf.pstatic.net/MjAyMjA4MTlfMjQg/MDAxNjYwODg3Mjk2NzI3.BrA9HdxKlK4SE_Nv8rSN-enO_kgRJJbWNRSn88dwX-sg.HSU5wh9arezj6oeAUj0Ju3e_Atzp4i9BNdZxeHeaw4sg.PNG/a_82699e0f38f24003897bcfc6ee5c84eb.png","빠른배송","","","",""
"https://kream.co.kr/products/342042?size=","https://kream-phinf.pstatic.net/MjAyNDA4MzBfMTg2/MDAxNzI1MDAwNjMyNzUy.eIa1k-nFPW7QTU0F41uVWxJZMYBOCLZ2VwuY7hoFJcog.vTh2LE4pzsl7kcstNjIVML00gXrpGWLi1GqjNwoIwyQg.JPEG/p_34aab44218c644d1ac69f6c437a75944.jpeg?type=m","","OY","OY Logo Eight Pocket Denim Baggy Pants Washed Black","129,270원","구매가","","쿠폰","[object Object]","적립","무료배송","7%"
"https://kream.co.kr/products/17745?size=","https://kream-phinf.pstatic.net/MjAyNDA4MjdfNjIg/MDAxNzI0NzI0Nzg2MjE3.c9EmjCACraxI8nuP2wzLOdM0ctITo7bV1pnD1XkLCYYg.GidQhr6e6swr_CHwuWbmD4GBXvOHbMrSzikLD0tc5cIg.PNG/a_3983177e8b844ac1acb43877322fb775.png?type=m","거래 217","Nike","Nike Shox R4 Black and Metallic Silver","211,000원","즉시 구매가","","","","","",""
"https://kream.co.kr/products/341649?size=","https://kream-phinf.pstatic.net/MjAyNDA4MzBfMTg0/MDAxNzI0OTgyNzY3Njg1.ut6SUTdD8L3Ly_4ciilPupagUdqMTp4mQ6KP79K-t18g.8Us5lyFauWiSPMm4em0Neb9su-2vBbqGTYl1B7Ra8L0g.PNG/a_f472eb377a624744a500a03c5cbaaf69.png?type=m","거래 67","Nike","Nike x Supreme Air Force 1 Mid White","181,000원","즉시 구매가","","","","","",""
"https://kream.co.kr/products/342612?size=","https://kream-phinf.pstatic.net/MjAyNDA5MDJfMTQ3/MDAxNzI1MjUzMDAwODAw.3c689Of8osI15enxE549TjXnRGAR261yz4tRUQZy3GQg.2vpguQrDeoA2RcxviTFCqGqhhBMSh0IS9x1bvQRedRcg.JPEG/p_23d0b384f9ef42848f26af15dcb0c042.jpg?type=m","","Pokemon","Pokemon Summer Ice Tumbler","24,000원","구매가","","적립","[object Object]","무료배송","",""
"https://kream.co.kr/products/316783?size=","https://kream-phinf.pstatic.net/MjAyNDA4MjZfNzcg/MDAxNzI0NjQxNzg4ODMw.nJyDDk-Jd04N8hVvmmZnHpgbi7n18OakXRITqDhJPIcg.f8NIsS37yAVSk-WYi5BzG-lvvcrKyadXGWr82myx_gsg.PNG/a_053ed655c13d4201aa996a9d63f514a7.png?type=m","거래 1,521","Nike","Nike x Peaceminusone Air Force 1 Low Para-Noise 3.0 Black and Multicolor","350,000원","즉시 구매가","https://kream-phinf.pstatic.net/MjAyMjA4MTlfMjQg/MDAxNjYwODg3Mjk2NzI3.BrA9HdxKlK4SE_Nv8rSN-enO_kgRJJbWNRSn88dwX-sg.HSU5wh9arezj6oeAUj0Ju3e_Atzp4i9BNdZxeHeaw4sg.PNG/a_82699e0f38f24003897bcfc6ee5c84eb.png","빠른배송","","","",""
"https://kream.co.kr/products/338430?size=","https://kream-phinf.pstatic.net/MjAyNDA4MzBfNDUg/MDAxNzI0OTgyMDQzNzQ2.yFp2UT9xj_hVnXzSo0sdLE7mflkUMUbaj9o1i2GyKdcg.ayNFYgMtOU_g-qBp9XsqJsjeJbFGYqtoAuI0uJJAcL4g.PNG/a_c7de815abf9b4327a8684ad2c4b00305.png?type=m","거래 188","Puma","Puma Speedcat OG Puma Black Mauve Mist","139,000원","즉시 구매가","","","","","",""
"https://kream.co.kr/products/313050?size=","https://kream-phinf.pstatic.net/MjAyNDA3MTBfNjIg/MDAxNzIwNTg2NjkzNzE3.wuw1B88Br8-Sk1scdLOt4QOxiLgxIAQ88mH0yAhBjdkg.x8iQz3M20nSLCaqT19MOBrfSL548YrSaW0cEXVHtORAg.JPEG/p_7b2835f0637f4aa08f04e09d5e549420.jpg?type=m","","Martine Rose","Martine Rose Oversized S/S T-Shirt Black - 24FW","335,700원","구매가","","쿠폰","[object Object]","적립","무료배송","15%"
"https://kream.co.kr/products/332894?size=","https://kream-phinf.pstatic.net/MjAyNDA4MTZfOTcg/MDAxNzIzNzc2Njg5NDk3.TjMT5aqTJV67x3jl3WyvmbpqVvzeH7s2H99XdFF59_wg.5DkmIpp_516mCwzNc3lBCNtlKdxohytq2EwrZ6ufC-Ig.PNG/a_80de33a1634947a081cf1b09fbc1aca6.png?type=m","거래 1,135","Jordan","Jordan 1 Retro Low OG Mocha","188,000원","즉시 구매가","https://kream-phinf.pstatic.net/MjAyMjA4MTlfMjQg/MDAxNjYwODg3Mjk2NzI3.BrA9HdxKlK4SE_Nv8rSN-enO_kgRJJbWNRSn88dwX-sg.HSU5wh9arezj6oeAUj0Ju3e_Atzp4i9BNdZxeHeaw4sg.PNG/a_82699e0f38f24003897bcfc6ee5c84eb.png","빠른배송","","","",""
"https://kream.co.kr/products/336242?size=","https://kream-phinf.pstatic.net/MjAyNDA4MjNfMjU5/MDAxNzI0Mzc3MDMzODU3.qdcP4J9kE9LekZCrO1H4HbVa2Y6xV9QK3bo5xEOGvrcg.3KEVvlJgFN-FB39fIevvXImRZdcHj2M1VQNzvr9bcasg.JPEG/a_554b6f0c2b0a48ad8d87fdeb34c21b34.jpg?type=m","","Sansan Gear","Sansan Gear Contrast Jacket Black","179,000원","구매가","","적립","[object Object]","","",""
"https://kream.co.kr/products/335458?size=","https://kream-phinf.pstatic.net/MjAyNDA4MjZfNjMg/MDAxNzI0NjQwOTUwNjcy.YO0Pq4QRFDsh64RnG5Y8MaHvLYY8i9w1YHkwwJ-rfVsg.7YGknApsTxC_Sk_AejGzscUWFLNWd7Ip6msCUU6euQMg.JPEG/p_1526bc8ad66a426ca16f5f9c0560168e.jpg?type=m","","VACANT ARCHIVE","Vacant Archive Unisex Nova Carpenter Pants Khaki","159,600원","구매가","","단독","[object Object]","쿠폰","적립","5%"
"https://kream.co.kr/products/283782?size=","https://kream-phinf.pstatic.net/MjAyNDA1MTBfMjI5/MDAxNzE1MzE0OTg5NTMx.XJ9kCbpQvZynETgWTa5vzi4tX5PXsavkYgLT2kpBFcUg.DyP2yLSKCytUbFvZyWtI9aFQ_mv-G6nWyARYJczuLRgg.JPEG/p_4451a00dbc2e44178d712579c6ff2da5.jpg?type=m","","Entire Studios","Entire Studios Heavy Gocar Military - 24FW","365,000원","구매가","","적립","[object Object]","무료배송","",""
"https://kream.co.kr/products/339918?size=","https://kream-phinf.pstatic.net/MjAyNDA4MjhfMTE1/MDAxNzI0ODIxMDY2OTgw.ESK4UVryoNtrsl0uvGQVwtr4rRtxJRZBPgr1pPmDpMQg.tsL0h-k1SnY32iK5FTlsr7JuHTL6-9CQrZ2Gh-VJyF0g.JPEG/p_281c0fe1e0fe44f6bc52727c92845040.jpeg?type=m","","KALA PATTHAR","KALA PATTHAR 3 Layer Hard Shell Mid-Jacket Black","189,000원","구매가","","적립","[object Object]","무료배송","","20%"
"https://kream.co.kr/products/338586?size=","https://kream-phinf.pstatic.net/MjAyNDA4MjhfMjIg/MDAxNzI0ODMzNDE1MzM0.La0shMRPW9kV8Q5MA-QiX6Jm2u4cGK3tY8E0_e5Zxykg.xYAeLaur2S58TL3JI2E_hLaCMzD-IWncJIuBy_spPVQg.PNG/p_787fa412c9084315a3f55c427337f028.png?type=m","","Lumena","Lumena SPACE S Mood Light Sun Orange","39,900원","구매가","","적립","[object Object]","무료배송","","18%"